Date,Open,High,Low,Close,Adj Close,P/L
7-May-25,113.05,117.68,112.28,117.06,117.06,3.100%
6-May-25,111.48,114.74,110.82,113.54,113.54,-0.246%
5-May-25,112.91,114.67,112.66,113.82,113.82,-0.594%
2-May-25,114.18,115.4,113.37,114.5,114.5,2.589%
1-May-25,113.08,114.94,111.3,111.61,111.61,2.470%
30-Apr-25,104.47,108.92,104.08,108.92,108.92,-0.092%
29-Apr-25,107.67,110.2,107.44,109.02,109.02,0.267%
28-Apr-25,109.69,110.37,106.02,108.73,108.73,-2.054%
25-Apr-25,106.85,111.92,105.73,111.01,111.01,4.303%
24-Apr-25,103.48,106.54,103.11,106.43,106.43,3.622%
23-Apr-25,104.52,104.8,102.02,102.71,102.71,3.863%
22-Apr-25,98.78,99.81,97.28,98.89,98.89,2.043%
21-Apr-25,98.77,99.44,95.04,96.91,96.91,-4.513%
17-Apr-25,104.45,104.47,100.05,101.49,101.49,-2.871%
16-Apr-25,104.55,106.79,100.45,104.49,104.49,-6.872%
15-Apr-25,110.97,113.62,110.5,112.2,112.2,1.346%
14-Apr-25,114.11,114.29,109.07,110.71,110.71,-0.198%
11-Apr-25,108.5,111.55,107.48,110.93,110.93,3.124%
10-Apr-25,109.37,110.86,99.15,107.57,107.57,-5.913%
9-Apr-25,98.89,115.1,97.53,114.33,114.33,18.723%
8-Apr-25,103.81,105.85,94.46,96.3,96.3,-1.372%
7-Apr-25,87.46,101.75,86.62,97.64,97.64,3.531%
4-Apr-25,98.91,100.13,92.11,94.31,94.31,-7.358%
3-Apr-25,103.51,105.63,101.6,101.8,101.8,-7.807%
2-Apr-25,107.29,111.98,106.79,110.42,110.42,0.245%
1-Apr-25,108.52,110.2,106.47,110.15,110.15,1.633%
31-Mar-25,105.13,110.96,103.65,108.38,108.38,-1.176%
28-Mar-25,111.49,112.87,109.07,109.67,109.67,-1.579%
27-Mar-25,111.35,114.45,110.66,111.43,111.43,-2.048%
26-Mar-25,118.73,118.84,112.71,113.76,113.76,-5.742%
25-Mar-25,120.55,121.29,118.92,120.69,120.69,-0.593%
24-Mar-25,119.88,122.22,119.34,121.41,121.41,3.152%
21-Mar-25,116.94,117.99,115.42,117.7,117.7,-0.700%
20-Mar-25,116.55,120.2,116.47,118.53,118.53,0.859%
19-Mar-25,117.27,120.45,115.68,117.52,117.52,1.811%
18-Mar-25,118,119.02,114.54,115.43,115.43,-3.430%
17-Mar-25,122.74,122.89,118.03,119.53,119.53,-1.759%
14-Mar-25,118.61,121.88,118.15,121.67,121.67,5.269%
13-Mar-25,117.03,117.76,113.79,115.58,115.58,-0.138%
12-Mar-25,114.12,116.76,112.88,115.74,115.74,6.428%
11-Mar-25,106.99,112.24,104.77,108.76,108.75,1.664%
10-Mar-25,109.9,111.85,105.46,106.98,106.97,-5.067%
7-Mar-25,111.25,113.48,107.56,112.69,112.68,1.918%
6-Mar-25,113.53,115.35,110.22,110.57,110.56,-5.738%
5-Mar-25,117.58,118.28,114.51,117.3,117.29,1.130%
4-Mar-25,110.65,119.31,110.11,115.99,115.98,1.692%
3-Mar-25,123.51,123.7,112.28,114.06,114.05,-8.694%
28-Feb-25,118.02,125.09,116.4,124.92,124.91,3.970%
27-Feb-25,135,135.01,120.01,120.15,120.14,-8.479%
26-Feb-25,129.99,133.73,128.49,131.28,131.27,3.672%
25-Feb-25,129.98,130.2,124.44,126.63,126.62,-2.802%
24-Feb-25,136.56,138.59,130.08,130.28,130.27,-3.087%
21-Feb-25,140.04,141.46,134.03,134.43,134.42,-4.054%
20-Feb-25,140.03,140.66,136.79,140.11,140.1,0.632%
19-Feb-25,139.51,141.36,137.22,139.23,139.22,-0.122%
18-Feb-25,141.27,143.44,137.93,139.4,139.39,0.396%
14-Feb-25,136.48,139.25,135.5,138.85,138.84,2.632%
13-Feb-25,131.56,136.5,131.17,135.29,135.28,3.165%
12-Feb-25,130.02,132.24,129.08,131.14,131.13,-1.250%
11-Feb-25,132.58,134.48,131.02,132.8,132.79,-0.577%
10-Feb-25,130.09,135,129.96,133.57,133.56,2.873%
7-Feb-25,129.22,130.37,125,129.84,129.83,0.902%
6-Feb-25,127.42,128.77,125.21,128.68,128.67,3.084%
5-Feb-25,121.76,125,120.76,124.83,124.82,5.209%
4-Feb-25,116.96,121.2,116.7,118.65,118.64,1.706%
3-Feb-25,114.75,118.57,113.01,116.66,116.65,-2.840%
31-Jan-25,123.78,127.85,119.19,120.07,120.06,-3.675%
30-Jan-25,123.1,125,118.1,124.65,124.64,0.768%
29-Jan-25,126.5,126.89,120.05,123.7,123.69,-4.101%
28-Jan-25,121.81,129,116.25,128.99,128.98,8.927%
27-Jan-25,124.8,128.4,116.7,118.42,118.41,-16.969%
24-Jan-25,148.37,148.97,141.88,142.62,142.61,-3.125%
23-Jan-25,145.05,147.23,143.72,147.22,147.21,0.102%
22-Jan-25,144.66,147.79,143.67,147.07,147.06,4.431%
21-Jan-25,139.16,141.83,137.09,140.83,140.82,2.266%
17-Jan-25,136.69,138.5,135.46,137.71,137.7,3.100%
16-Jan-25,138.64,138.75,133.49,133.57,133.56,-1.960%
15-Jan-25,133.65,136.45,131.29,136.24,136.23,3.400%
14-Jan-25,136.05,136.38,130.05,131.76,131.75,-1.103%
13-Jan-25,129.99,133.49,129.51,133.23,133.22,-1.972%
10-Jan-25,137.45,139.92,134.22,135.91,135.9,-2.998%
8-Jan-25,142.58,143.95,137.56,140.11,140.1,-0.021%
7-Jan-25,153.03,153.13,140.01,140.14,140.13,-6.217%
6-Jan-25,148.59,152.16,147.82,149.43,149.42,3.433%
3-Jan-25,140.01,144.9,139.73,144.47,144.46,4.454%
2-Jan-25,136,138.88,134.63,138.31,138.3,2.994%
31-Dec-24,138.03,138.07,133.83,134.29,134.28,-2.328%
30-Dec-24,134.83,140.27,134.02,137.49,137.48,0.350%
27-Dec-24,138.55,139.02,134.71,137.01,137,-2.087%
26-Dec-24,139.7,140.85,137.73,139.93,139.92,-0.207%
24-Dec-24,140,141.9,138.65,140.22,140.21,0.394%
23-Dec-24,136.28,139.79,135.12,139.67,139.66,3.690%
20-Dec-24,129.81,135.28,128.22,134.7,134.69,3.076%
19-Dec-24,131.76,134.03,129.55,130.68,130.67,1.373%
18-Dec-24,133.86,136.7,128.28,128.91,128.9,-1.135%
17-Dec-24,129.09,131.59,126.86,130.39,130.38,-1.220%
16-Dec-24,134.18,134.4,130.42,132,131.99,-1.676%
13-Dec-24,138.94,139.6,132.54,134.25,134.24,-2.250%
12-Dec-24,137.08,138.44,135.8,137.34,137.33,-1.414%
11-Dec-24,137.36,140.17,135.21,139.31,139.3,3.139%
10-Dec-24,139.01,141.82,133.79,135.07,135.06,-2.695%
9-Dec-24,138.97,139.95,137.13,138.81,138.8,-2.549%
6-Dec-24,144.6,145.7,141.31,142.44,142.43,-1.806%
5-Dec-24,145.11,146.54,143.95,145.06,145.05,-0.048%
4-Dec-24,142,145.79,140.29,145.14,145.12,3.480%
3-Dec-24,138.26,140.54,137.95,140.26,140.24,1.176%
2-Dec-24,138.83,140.45,137.82,138.63,138.61,0.275%
29-Nov-24,136.78,139.35,136.05,138.25,138.23,2.150%
27-Nov-24,135.01,137.22,131.8,135.34,135.32,-1.154%
26-Nov-24,137.7,139.3,135.67,136.92,136.9,0.662%
25-Nov-24,141.99,142.05,135.82,136.02,136,-4.178%
22-Nov-24,145.93,147.16,141.1,141.95,141.93,-3.219%
21-Nov-24,149.35,152.89,140.7,146.67,146.65,0.535%
20-Nov-24,147.41,147.56,142.73,145.89,145.87,-0.762%
19-Nov-24,141.32,147.13,140.99,147.01,146.99,4.895%
18-Nov-24,139.5,141.55,137.15,140.15,140.13,-1.289%
15-Nov-24,144.87,145.24,140.08,141.98,141.96,-3.257%
14-Nov-24,147.64,149,145.55,146.76,146.74,0.335%
13-Nov-24,149.07,149.33,145.9,146.27,146.25,-1.362%
12-Nov-24,146.78,149.65,146.01,148.29,148.27,2.086%
11-Nov-24,148.68,148.85,143.57,145.26,145.24,-1.606%
8-Nov-24,148.77,149.77,146.26,147.63,147.61,-0.840%
7-Nov-24,146.39,148.93,146.17,148.88,148.86,2.246%
6-Nov-24,142.96,146.49,141.96,145.61,145.59,4.075%
5-Nov-24,137.45,140.37,137.33,139.91,139.89,2.838%
4-Nov-24,137.21,138.96,135.57,136.05,136.03,0.480%
1-Nov-24,134.7,137.31,134.57,135.4,135.38,1.989%
31-Oct-24,137.6,137.61,132.11,132.76,132.74,-4.723%
30-Oct-24,139.54,140.33,136.81,139.34,139.32,-1.352%
29-Oct-24,140.29,142.26,138.9,141.25,141.23,0.520%
28-Oct-24,143,143.14,140.05,140.52,140.5,-0.721%
25-Oct-24,140.93,144.13,140.8,141.54,141.52,0.805%
24-Oct-24,140.82,141.35,138.46,140.41,140.39,0.609%
23-Oct-24,142.03,142.43,137.46,139.56,139.54,-2.807%
22-Oct-24,142.91,144.42,141.78,143.59,143.57,-0.084%
21-Oct-24,138.13,143.71,138,143.71,143.69,4.138%
18-Oct-24,138.67,138.9,137.28,138,137.98,0.782%
17-Oct-24,139.34,140.89,136.87,136.93,136.91,0.892%
16-Oct-24,133.98,136.62,131.58,135.72,135.7,3.131%
15-Oct-24,137.87,138.57,128.74,131.6,131.58,-4.687%
14-Oct-24,136.47,139.6,136.3,138.07,138.05,2.426%
11-Oct-24,134.01,135.78,133.66,134.8,134.78,-0.007%
10-Oct-24,131.91,135,131,134.81,134.79,1.629%
9-Oct-24,134.11,134.52,131.38,132.65,132.63,-0.181%
8-Oct-24,130.26,133.48,129.42,132.89,132.87,4.049%
7-Oct-24,124.99,130.64,124.95,127.72,127.7,2.242%
4-Oct-24,124.94,125.04,121.83,124.92,124.9,1.685%
3-Oct-24,120.92,124.36,120.34,122.85,122.83,3.366%
2-Oct-24,116.44,119.38,115.14,118.85,118.83,1.581%
1-Oct-24,121.77,122.44,115.79,117,116.98,-3.657%
30-Sep-24,118.31,121.5,118.15,121.44,121.42,0.033%
27-Sep-24,123.97,124.03,119.26,121.4,121.38,-2.129%
26-Sep-24,126.8,127.67,121.8,124.04,124.02,0.429%
25-Sep-24,122.02,124.94,121.61,123.51,123.49,2.185%
24-Sep-24,116.52,121.8,115.38,120.87,120.85,3.966%
23-Sep-24,116.55,116.99,114.86,116.26,116.24,0.224%
20-Sep-24,117.06,118.62,115.39,116,115.98,-1.587%
19-Sep-24,117.35,119.66,117.25,117.87,117.85,3.970%
18-Sep-24,115.89,117.7,113.22,113.37,113.35,-1.921%
17-Sep-24,118.17,118.8,114.83,115.59,115.57,-1.019%
16-Sep-24,116.79,118.18,114.36,116.78,116.76,-1.948%
13-Sep-24,119.08,119.96,117.6,119.1,119.08,-0.034%
12-Sep-24,116.84,120.79,115.38,119.14,119.12,1.916%
11-Sep-24,109.39,117.19,107.42,116.91,116.88,8.152%
10-Sep-24,107.81,109.4,104.95,108.1,108.07,1.531%
9-Sep-24,104.88,106.55,103.69,106.47,106.44,3.541%
6-Sep-24,108.04,108.15,100.95,102.83,102.8,-4.087%
5-Sep-24,104.99,109.65,104.76,107.21,107.18,0.942%
4-Sep-24,105.41,113.27,104.12,106.21,106.18,-1.658%
3-Sep-24,116.01,116.21,107.29,108,107.97,-9.527%
30-Aug-24,119.53,121.75,117.22,119.37,119.34,1.514%
29-Aug-24,121.36,124.43,116.71,117.59,117.56,-6.386%
28-Aug-24,128.12,128.33,122.64,125.61,125.58,-2.097%
27-Aug-24,125.05,129.2,123.88,128.3,128.27,1.455%
26-Aug-24,129.57,131.26,124.37,126.46,126.43,-2.250%
23-Aug-24,125.86,129.6,125.22,129.37,129.34,4.551%
22-Aug-24,130.02,130.75,123.1,123.74,123.71,-3.705%
21-Aug-24,127.32,129.35,126.66,128.5,128.47,0.983%
20-Aug-24,128.4,129.88,125.89,127.25,127.22,-2.116%
19-Aug-24,124.28,130,123.42,130,129.97,4.352%
16-Aug-24,121.94,125,121.18,124.58,124.55,1.400%
15-Aug-24,118.76,123.24,117.47,122.86,122.83,4.049%
14-Aug-24,118.53,118.6,114.07,118.08,118.05,1.671%
13-Aug-24,112.44,116.23,111.58,116.14,116.11,6.533%
12-Aug-24,106.32,111.07,106.26,109.02,108.99,4.078%
9-Aug-24,105.64,106.6,103.43,104.75,104.72,-0.210%
8-Aug-24,102,105.5,97.52,104.97,104.94,6.118%
7-Aug-24,107.81,108.8,98.69,98.91,98.89,-5.114%
6-Aug-24,103.84,107.71,100.55,104.25,104.22,3.774%
5-Aug-24,92.06,103.41,90.69,100.45,100.43,-6.350%
2-Aug-24,103.76,108.72,101.37,107.27,107.24,-1.777%
1-Aug-24,117.53,120.16,106.81,109.21,109.18,-6.676%
31-Jul-24,112.9,118.34,110.88,117.02,116.99,12.816%
30-Jul-24,111.52,111.99,102.54,103.73,103.7,-7.046%
29-Jul-24,113.69,116.28,111.3,111.59,111.56,-1.301%
26-Jul-24,116.19,116.2,111.58,113.06,113.03,0.695%
25-Jul-24,113.04,116.63,106.3,112.28,112.25,-1.725%
24-Jul-24,119.17,119.95,113.44,114.25,114.22,-6.805%
23-Jul-24,122.78,124.69,122.1,122.59,122.56,-0.769%
22-Jul-24,120.35,124.07,119.86,123.54,123.51,4.758%
19-Jul-24,120.35,121.6,117.37,117.93,117.9,-2.610%
18-Jul-24,121.85,122.4,116.56,121.09,121.06,2.628%
17-Jul-24,121.35,121.85,116.72,117.99,117.96,-6.626%
16-Jul-24,128.44,129.04,124.58,126.36,126.33,-1.620%
15-Jul-24,130.56,131.39,127.18,128.44,128.41,-0.619%
12-Jul-24,128.26,131.92,127.22,129.24,129.21,1.445%
11-Jul-24,135.75,136.15,127.05,127.4,127.37,-5.568%
10-Jul-24,134.03,135.1,132.42,134.91,134.88,2.687%
9-Jul-24,130.35,133.82,128.65,131.38,131.35,2.481%
8-Jul-24,127.49,130.77,127.04,128.2,128.17,1.884%
5-Jul-24,127.38,128.85,125.68,125.83,125.8,-1.910%
3-Jul-24,121.66,128.28,121.36,128.28,128.25,4.574%
2-Jul-24,121.13,123.41,121.03,122.67,122.64,-1.312%
1-Jul-24,123.47,124.84,118.83,124.3,124.27,0.615%
28-Jun-24,124.58,127.71,122.75,123.54,123.51,-0.363%
27-Jun-24,124.1,126.41,122.92,123.99,123.96,-1.907%
26-Jun-24,126.13,128.12,122.6,126.4,126.37,0.246%
25-Jun-24,121.2,126.5,119.32,126.09,126.06,6.758%
24-Jun-24,123.24,124.46,118.04,118.11,118.08,-6.686%
21-Jun-24,127.12,130.63,124.3,126.57,126.54,-3.220%
20-Jun-24,139.8,140.76,129.52,130.78,130.75,-3.541%
18-Jun-24,131.14,136.33,130.69,135.58,135.55,3.513%
17-Jun-24,132.99,133.73,129.58,130.98,130.95,-0.683%
14-Jun-24,129.96,132.84,128.32,131.88,131.85,1.752%
13-Jun-24,129.39,129.8,127.16,129.61,129.58,3.523%
12-Jun-24,123.06,126.88,122.57,125.2,125.17,3.549%
11-Jun-24,121.77,122.87,118.74,120.91,120.88,-0.715%
10-Jun-24,120.37,123.1,117.01,121.79,121.75,0.745%
7-Jun-24,119.77,121.69,118.02,120.89,120.85,-0.091%
6-Jun-24,124.05,125.59,118.32,121,120.96,-1.176%
5-Jun-24,118.37,122.45,117.47,122.44,122.4,5.155%
4-Jun-24,115.72,116.6,114.04,116.44,116.4,1.253%
3-Jun-24,113.62,115,112,115,114.96,4.891%
31-May-24,112.52,112.72,106.94,109.63,109.6,-0.779%
30-May-24,114.65,115.82,109.66,110.5,110.46,-3.772%
29-May-24,113.05,115.49,110.9,114.82,114.79,0.817%
28-May-24,110.24,114.94,109.88,113.9,113.86,6.981%
24-May-24,104.45,106.47,103,106.47,106.43,2.573%
23-May-24,102.03,106.32,101.52,103.8,103.76,9.313%
22-May-24,95.46,96.02,93.25,94.95,94.92,-0.451%
21-May-24,93.6,95.4,93.18,95.39,95.35,0.633%
20-May-24,93.75,95.2,93.44,94.78,94.75,2.488%
17-May-24,94.37,94.74,91.81,92.48,92.45,-1.993%
16-May-24,94.91,95.82,94.1,94.36,94.33,-0.285%
15-May-24,92.47,94.86,91.6,94.63,94.6,3.580%
14-May-24,89.6,91.65,88.93,91.36,91.33,1.062%
13-May-24,90.48,91,88.53,90.4,90.37,0.579%
10-May-24,90.31,91.4,89.23,89.88,89.85,1.274%
9-May-24,90.53,91.07,88.23,88.75,88.72,-1.837%
8-May-24,89.48,91.19,89.42,90.41,90.38,-0.155%
7-May-24,91.1,91.78,89.01,90.55,90.52,-1.726%
6-May-24,89.39,92.22,89.06,92.14,92.11,3.774%
3-May-24,87.79,89.28,87.04,88.79,88.76,3.462%
2-May-24,84.45,86.24,83.2,85.82,85.79,3.349%
1-May-24,85.08,86,81.25,83.04,83.01,-3.890%
30-Apr-24,87.24,88.82,86.3,86.4,86.37,-1.550%
29-Apr-24,87.6,87.99,85.27,87.76,87.73,0.023%
26-Apr-24,83.82,88.33,83.39,87.74,87.71,6.186%
25-Apr-24,78.87,83.32,78.22,82.63,82.6,3.704%
24-Apr-24,83.95,84.08,79.18,79.68,79.65,-3.337%
23-Apr-24,80.77,82.77,80.26,82.42,82.4,3.661%
22-Apr-24,78.1,80.07,76.4,79.52,79.49,4.359%
19-Apr-24,83.15,84.32,75.61,76.2,76.17,-10.007%
18-Apr-24,84.97,86.19,82.4,84.67,84.64,0.750%
17-Apr-24,88.34,88.78,83.95,84.04,84.01,-3.868%
16-Apr-24,86.43,88.12,86.06,87.42,87.39,1.652%
15-Apr-24,89.1,90.61,85.93,86,85.97,-2.484%
12-Apr-24,89.7,90.18,87.53,88.19,88.16,-2.682%
11-Apr-24,87.42,90.74,86.93,90.62,90.59,4.114%
10-Apr-24,83.93,87.4,83.71,87.04,87.01,1.969%
9-Apr-24,87.44,87.64,83.02,85.35,85.33,-2.032%
8-Apr-24,88.7,88.83,86.73,87.13,87.1,-1.000%
5-Apr-24,86.87,88.48,85.93,88.01,87.98,2.445%
4-Apr-24,90.41,90.63,85.88,85.9,85.88,-3.430%
3-Apr-24,88.48,90.37,88.4,88.96,88.93,-0.548%
2-Apr-24,88.45,90.09,87.62,89.45,89.42,-1.007%
1-Apr-24,90.3,92.22,89.2,90.36,90.33,0.000%
28-Mar-24,90,91.3,89.19,90.36,90.33,0.122%
27-Mar-24,93.11,93.24,89.12,90.25,90.22,-2.496%
26-Mar-24,95.85,96.38,92.5,92.56,92.53,-2.569%
25-Mar-24,93.94,96.77,93.51,95,94.97,0.753%
22-Mar-24,91.14,94.78,90.83,94.29,94.26,3.129%
21-Mar-24,92.3,92.65,90.4,91.43,91.4,1.173%
20-Mar-24,89.8,90.41,88.22,90.37,90.34,1.085%
19-Mar-24,86.7,90.54,85.01,89.4,89.37,1.063%
18-Mar-24,90.39,92.4,87.08,88.46,88.43,0.706%
15-Mar-24,86.93,89.55,86.26,87.84,87.81,-0.125%
14-Mar-24,89.58,90.65,86.6,87.94,87.92,-3.236%
13-Mar-24,91.06,91.5,88.43,90.89,90.86,-1.110%
12-Mar-24,88.05,91.96,86.15,91.91,91.88,7.149%
11-Mar-24,86.43,88.8,84.17,85.77,85.75,-2.000%
8-Mar-24,95.14,97.4,86.51,87.53,87.5,-5.548%
7-Mar-24,90.16,92.77,89.6,92.67,92.64,4.477%
6-Mar-24,88.02,89.72,87.03,88.7,88.67,3.177%
5-Mar-24,85.27,86.1,83.42,85.96,85.94,0.857%
4-Mar-24,84.13,87.69,83.72,85.24,85.21,3.599%
1-Mar-24,80,82.3,79.43,82.28,82.25,4.009%
29-Feb-24,79.09,79.99,78.35,79.11,79.08,1.868%
28-Feb-24,77.62,78.93,77.13,77.66,77.63,-1.322%
27-Feb-24,79.38,79.48,77.16,78.7,78.67,-0.493%
26-Feb-24,79.7,80.65,78.5,79.09,79.06,0.343%
23-Feb-24,80.79,82.39,77.57,78.82,78.79,0.357%
22-Feb-24,75.03,78.57,74.22,78.54,78.51,16.397%
21-Feb-24,68.01,68.89,66.25,67.47,67.45,-2.852%
20-Feb-24,71.95,71.96,67.73,69.45,69.43,-4.353%
16-Feb-24,74.1,74.4,72.5,72.61,72.59,-0.055%
15-Feb-24,73.87,73.97,72.4,72.66,72.63,-1.679%
14-Feb-24,73.2,74.24,71.94,73.9,73.87,2.455%
13-Feb-24,70.4,73.45,69.62,72.13,72.1,-0.166%
12-Feb-24,72.6,74.61,71.25,72.25,72.22,0.153%
9-Feb-24,70.53,72.18,70.21,72.13,72.11,3.591%
8-Feb-24,70.07,70.79,69.46,69.64,69.61,-0.656%
7-Feb-24,68.32,70.22,67.6,70.1,70.07,2.742%
6-Feb-24,69.63,69.75,66.3,68.22,68.2,-1.602%
5-Feb-24,68.22,69.5,67.21,69.33,69.31,4.793%
2-Feb-24,63.97,66.6,63.69,66.16,66.14,4.984%
1-Feb-24,62.1,63.19,61.65,63.03,63,2.439%
31-Jan-24,61.44,62.27,60.7,61.53,61.5,-1.992%
30-Jan-24,62.9,63.49,62.26,62.77,62.75,0.496%
29-Jan-24,61.23,62.49,60.91,62.47,62.44,2.344%
26-Jan-24,60.96,61.78,60.57,61.03,61.01,-0.942%
25-Jan-24,62.35,62.72,60.85,61.62,61.59,0.408%
24-Jan-24,60.3,62.85,59.94,61.36,61.34,2.490%
23-Jan-24,59.57,59.91,58.58,59.87,59.85,0.369%
22-Jan-24,60.05,60.33,59.07,59.65,59.63,0.269%
19-Jan-24,57.99,59.5,57.22,59.49,59.47,4.169%
18-Jan-24,57.26,57.6,56.11,57.11,57.09,1.892%
17-Jan-24,56.35,56.47,54.74,56.05,56.03,-0.586%
16-Jan-24,55.02,56.83,54.9,56.38,56.36,3.054%
12-Jan-24,54.62,54.97,54.33,54.71,54.69,-0.201%
11-Jan-24,55,55.35,53.56,54.82,54.8,0.865%
10-Jan-24,53.62,54.6,53.49,54.35,54.33,2.278%
9-Jan-24,52.4,54.33,51.69,53.14,53.12,1.704%
8-Jan-24,49.51,52.28,49.48,52.25,52.23,6.418%
5-Jan-24,48.46,49.55,48.31,49.1,49.08,2.293%
4-Jan-24,47.77,48.5,47.51,48,47.98,0.904%
3-Jan-24,47.49,48.18,47.32,47.57,47.55,-1.246%
2-Jan-24,49.24,49.29,47.6,48.17,48.15,-2.727%
29-Dec-23,49.81,50,48.75,49.52,49.5,0.000%
28-Dec-23,49.64,49.88,49.41,49.52,49.5,0.202%
27-Dec-23,49.51,49.68,49.08,49.42,49.4,0.284%
26-Dec-23,48.97,49.6,48.96,49.28,49.26,0.922%
22-Dec-23,49.19,49.38,48.47,48.83,48.81,-0.327%
21-Dec-23,48.81,49.1,48.42,48.99,48.97,1.830%
20-Dec-23,49.65,50,48.1,48.11,48.09,-3.025%
19-Dec-23,49.42,49.7,48.9,49.6,49.59,-0.939%
18-Dec-23,49.4,50.43,49.15,50.08,50.06,2.435%
15-Dec-23,48.19,49.4,48.12,48.89,48.87,1.117%
14-Dec-23,48.39,48.67,47.42,48.35,48.33,0.541%
13-Dec-23,47.63,48.59,47.61,48.09,48.07,0.903%
12-Dec-23,46.05,47.67,46.05,47.66,47.64,2.210%
11-Dec-23,47.49,47.53,45.83,46.63,46.61,-1.853%
8-Dec-23,46.6,47.74,46.55,47.51,47.49,1.954%
7-Dec-23,45.7,46.63,45.6,46.6,46.58,2.396%
6-Dec-23,47.22,47.39,45.41,45.5,45.49,-2.277%
5-Dec-23,45.47,46.6,45.27,46.57,46.55,2.330%
4-Dec-23,46.08,46.08,45.01,45.51,45.49,-2.674%
1-Dec-23,46.53,47.2,46.19,46.76,46.74,-0.021%
30-Nov-23,48.02,48.11,46.42,46.77,46.75,-2.847%
29-Nov-23,48.38,48.76,47.86,48.14,48.12,0.669%
28-Nov-23,48.24,48.32,47.47,47.82,47.8,-0.871%
27-Nov-23,47.8,48.53,47.65,48.24,48.22,0.984%
24-Nov-23,48.47,48.92,47.74,47.78,47.75,-1.931%
22-Nov-23,49.85,50.33,47.69,48.72,48.69,-2.464%
21-Nov-23,50.13,50.52,49.22,49.94,49.92,-0.933%
20-Nov-23,49.31,50.55,49.18,50.41,50.39,2.252%
17-Nov-23,49.52,49.72,49.01,49.3,49.28,-0.364%
16-Nov-23,48.68,49.53,48.33,49.48,49.46,1.207%
15-Nov-23,49.94,49.96,48.2,48.89,48.87,-1.531%
14-Nov-23,49.68,49.83,49.04,49.66,49.63,2.119%
13-Nov-23,48.32,49.12,48.1,48.62,48.6,0.600%
10-Nov-23,47.5,48.47,47.28,48.33,48.31,2.941%
9-Nov-23,47.47,48.23,46.75,46.95,46.93,0.816%
8-Nov-23,46.1,46.87,45.97,46.57,46.55,1.350%
7-Nov-23,45.72,46.22,45.16,45.96,45.93,0.437%
6-Nov-23,45.28,45.94,44.9,45.75,45.73,1.667%
3-Nov-23,44.02,45.31,43.72,45.01,44.98,3.426%
2-Nov-23,43.33,43.88,42.89,43.51,43.49,2.789%
1-Nov-23,40.88,42.38,40.87,42.33,42.31,3.803%
31-Oct-23,40.45,40.88,39.23,40.78,40.76,-0.924%
30-Oct-23,41.09,41.77,40.48,41.16,41.14,1.630%
27-Oct-23,41.13,41.21,40.01,40.5,40.48,0.422%
26-Oct-23,41.85,42.26,39.88,40.33,40.31,-3.472%
25-Oct-23,43.4,43.65,41.56,41.78,41.76,-4.308%
24-Oct-23,43.08,43.7,42.69,43.66,43.64,1.583%
23-Oct-23,41.23,43.25,40.94,42.97,42.96,3.843%
20-Oct-23,41.89,42.47,41.08,41.39,41.37,-1.687%
19-Oct-23,42.81,43.3,41.88,42.1,42.08,-0.237%
18-Oct-23,42.59,43.22,41.83,42.2,42.18,-3.962%
17-Oct-23,44,44.75,42.48,43.94,43.92,-4.667%
16-Oct-23,45.06,46.22,44.91,46.1,46.07,1.386%
13-Oct-23,46.96,47.12,45.28,45.46,45.44,-3.154%
12-Oct-23,46.78,47.61,46.33,46.94,46.92,0.299%
11-Oct-23,46.2,46.86,46.05,46.81,46.78,2.184%
10-Oct-23,45.31,46.26,45.09,45.8,45.78,1.171%
9-Oct-23,44.84,45.6,44.37,45.27,45.25,-1.071%
6-Oct-23,44.19,45.79,44.03,45.76,45.74,2.395%
5-Oct-23,44.05,44.9,43.89,44.69,44.67,1.477%
4-Oct-23,43.74,44.14,43.29,44.04,44.02,1.195%
3-Oct-23,44.81,45.13,43.25,43.52,43.5,-2.815%
2-Oct-23,44.03,45.17,43.86,44.78,44.76,2.944%
29-Sep-23,43.83,44.14,43.31,43.5,43.48,0.952%
28-Sep-23,42.46,43.45,42.12,43.09,43.07,1.461%
27-Sep-23,42.33,42.87,41.63,42.47,42.45,1.337%
26-Sep-23,42,42.82,41.65,41.91,41.89,-0.735%
25-Sep-23,41.59,42.54,41.18,42.22,42.2,1.467%
22-Sep-23,41.57,42.12,41.23,41.61,41.59,1.439%
21-Sep-23,41.58,42.1,40.98,41.02,41,-2.890%
20-Sep-23,43.6,43.9,42.22,42.24,42.22,-2.943%
19-Sep-23,43.83,43.97,43,43.52,43.5,-1.024%
18-Sep-23,42.75,44.24,42,43.97,43.95,0.160%
15-Sep-23,45.34,45.6,43.81,43.9,43.88,-3.687%
14-Sep-23,45.95,45.99,45.13,45.58,45.56,0.220%
13-Sep-23,44.6,45.93,44.5,45.49,45.46,1.360%
12-Sep-23,44.74,45.67,44.53,44.87,44.85,-0.686%
11-Sep-23,46.15,46.16,44.31,45.18,45.16,-0.856%
8-Sep-23,45.94,46.61,45.27,45.57,45.55,-1.450%
7-Sep-23,45.53,46.34,45.15,46.24,46.22,-1.743%
6-Sep-23,48.44,48.55,46.58,47.06,47.04,-3.050%
5-Sep-23,48.22,48.85,47.86,48.55,48.52,0.083%
1-Sep-23,49.76,49.8,48.14,48.51,48.48,-1.723%
31-Aug-23,49.38,49.74,48.96,49.35,49.33,0.183%
30-Aug-23,49.04,49.93,48.42,49.26,49.24,0.984%
29-Aug-23,46.67,49.08,46.39,48.78,48.76,4.166%
28-Aug-23,46.48,46.98,44.89,46.83,46.81,1.783%
25-Aug-23,47.01,47.81,45.02,46.02,45.99,-2.440%
24-Aug-23,50.22,50.27,47.16,47.16,47.14,0.106%
23-Aug-23,45.87,47.2,45.21,47.12,47.09,3.177%
22-Aug-23,48.13,48.19,45.33,45.67,45.64,-2.769%
21-Aug-23,44.49,47.06,44.22,46.97,46.94,8.457%
18-Aug-23,42.63,43.58,41.66,43.3,43.28,-0.092%
17-Aug-23,43.97,44.06,43,43.34,43.32,-0.322%
16-Aug-23,44.52,44.67,43.41,43.49,43.46,-1.047%
15-Aug-23,44.56,45.27,43.71,43.94,43.92,0.434%
14-Aug-23,40.49,43.8,40.31,43.75,43.73,7.103%
11-Aug-23,41.75,42.02,40.64,40.85,40.83,-3.612%
10-Aug-23,42.16,43.57,41.83,42.39,42.36,-0.400%
9-Aug-23,44.27,44.31,42.13,42.55,42.53,-4.727%
8-Aug-23,44.85,45.24,44.06,44.66,44.64,-1.652%
7-Aug-23,45.11,45.54,44.56,45.42,45.39,1.635%
4-Aug-23,44.99,45.64,44.39,44.68,44.66,0.382%
3-Aug-23,43.8,45.12,43.8,44.51,44.49,0.565%
2-Aug-23,45.83,45.84,43.39,44.27,44.24,-4.819%
1-Aug-23,46.46,46.9,46.03,46.51,46.48,-0.471%
31-Jul-23,46.75,47.13,46.51,46.73,46.7,-0.043%
28-Jul-23,46.67,47.03,46.38,46.75,46.72,1.853%
27-Jul-23,46.52,47.4,45.75,45.9,45.87,0.969%
26-Jul-23,46.02,46.05,44.63,45.45,45.43,-0.482%
25-Jul-23,44.94,46.18,44.92,45.68,45.65,2.377%
24-Jul-23,44.73,45.11,44.04,44.61,44.59,0.700%
21-Jul-23,45.79,45.87,44.1,44.31,44.28,-2.681%
20-Jul-23,46.51,47.09,45.06,45.52,45.5,-3.294%
19-Jul-23,47.46,47.82,46.74,47.08,47.05,-0.885%
18-Jul-23,46.7,47.9,45.73,47.49,47.47,2.218%
17-Jul-23,46.29,46.5,45.26,46.46,46.44,2.201%
14-Jul-23,46.58,48.09,45.06,45.47,45.44,-1.110%
13-Jul-23,44.52,46.15,44.49,45.98,45.95,4.717%
12-Jul-23,43.03,43.94,42.78,43.9,43.88,3.539%
11-Jul-23,42.48,42.76,42.07,42.4,42.38,0.522%
10-Jul-23,42.66,42.81,41.65,42.18,42.16,-0.753%
7-Jul-23,42.32,43.21,42.18,42.5,42.48,0.951%
6-Jul-23,41.84,42.18,41.35,42.1,42.08,-0.497%
5-Jul-23,42.13,43.18,42.08,42.32,42.29,-0.236%
3-Jul-23,42.52,42.9,42.2,42.41,42.39,0.260%
30-Jun-23,41.68,42.55,41.5,42.3,42.28,3.627%
29-Jun-23,41.56,41.6,40.6,40.82,40.8,-0.706%
28-Jun-23,40.66,41.85,40.52,41.12,41.09,-1.816%
27-Jun-23,40.8,41.94,40.45,41.88,41.85,3.053%
26-Jun-23,42.46,42.76,40.1,40.63,40.61,-3.745%
23-Jun-23,42.46,42.81,42.01,42.21,42.19,-1.884%
22-Jun-23,42.25,43.43,42.23,43.03,43,-0.046%
21-Jun-23,43.5,43.62,42.08,43.04,43.02,-1.736%
20-Jun-23,43,43.99,42.67,43.81,43.78,2.601%
16-Jun-23,43.45,43.72,42.66,42.69,42.67,0.094%
15-Jun-23,42.6,43.29,42.15,42.65,42.63,-0.791%
14-Jun-23,40.82,43,40.55,43,42.97,4.805%
13-Jun-23,40.19,41.1,39.74,41.02,41,3.903%
12-Jun-23,39.2,39.53,38.62,39.48,39.46,1.832%
9-Jun-23,39.04,39.71,38.57,38.77,38.75,0.676%
8-Jun-23,37.72,38.86,37.51,38.51,38.49,2.777%
7-Jun-23,38.92,39.5,37.36,37.47,37.45,-3.055%
6-Jun-23,38.83,39.16,38.15,38.65,38.63,-1.328%
5-Jun-23,38.91,39.56,38.71,39.17,39.15,-0.382%
2-Jun-23,40.1,40.5,39.06,39.33,39.3,-1.107%
1-Jun-23,38.49,40.05,38.34,39.77,39.74,5.104%
31-May-23,39.49,40.29,37.82,37.83,37.81,-5.664%
30-May-23,40.6,41.94,39.95,40.11,40.08,2.980%
26-May-23,37.89,39.17,37.55,38.95,38.92,2.529%
25-May-23,38.52,39.48,36.63,37.98,37.96,24.377%
24-May-23,30.21,30.61,29.81,30.54,30.52,-0.489%
23-May-23,31,31.29,30.63,30.69,30.67,-1.573%
22-May-23,30.9,31.52,30.68,31.18,31.16,-0.256%
19-May-23,31.54,31.58,30.92,31.26,31.24,-1.327%
18-May-23,30.41,31.83,30.32,31.68,31.66,4.973%
17-May-23,29.58,30.2,29.43,30.18,30.16,3.323%
16-May-23,28.84,29.87,28.83,29.21,29.19,0.899%
15-May-23,28.51,28.97,28.15,28.95,28.93,2.154%
12-May-23,28.53,28.78,28.05,28.34,28.32,-0.840%
11-May-23,28.9,28.95,28.25,28.58,28.56,-1.074%
10-May-23,29,29.11,28.46,28.89,28.87,1.121%
9-May-23,28.9,28.97,28.45,28.57,28.55,-1.991%
8-May-23,28.52,29.22,28.35,29.15,29.13,1.640%
5-May-23,27.83,28.75,27.73,28.68,28.66,4.067%
4-May-23,27.65,27.86,27.24,27.56,27.54,-0.864%
3-May-23,27.84,28.37,27.47,27.8,27.78,-1.454%
2-May-23,28.68,28.84,28.08,28.21,28.19,-2.423%
1-May-23,27.84,29.06,27.78,28.91,28.89,4.183%
28-Apr-23,27.23,27.76,27.07,27.75,27.73,1.911%
27-Apr-23,27.36,27.5,26.63,27.23,27.21,1.002%
26-Apr-23,27,27.33,26.7,26.96,26.94,2.746%
25-Apr-23,27.08,27.25,26.23,26.24,26.22,-2.961%
24-Apr-23,27.01,27.37,26.67,27.04,27.02,-0.295%
21-Apr-23,26.95,27.18,26.72,27.12,27.1,0.037%
20-Apr-23,27.67,28.03,27,27.1,27.09,-2.938%
19-Apr-23,27.36,28,27.23,27.93,27.91,0.940%
18-Apr-23,27.53,28.11,27.36,27.67,27.65,2.483%
17-Apr-23,26.57,27.01,26.43,27,26.98,0.898%
14-Apr-23,26.5,26.88,26.22,26.76,26.74,1.096%
13-Apr-23,26.73,26.89,26.33,26.46,26.45,-0.113%
12-Apr-23,27.37,27.47,26.45,26.5,26.48,-2.468%
11-Apr-23,27.72,27.79,27.13,27.17,27.15,-1.488%
10-Apr-23,26.82,27.62,26.67,27.58,27.56,1.999%
6-Apr-23,26.58,27.08,26.43,27.04,27.02,0.596%
5-Apr-23,26.83,27,26.4,26.88,26.86,-2.114%
4-Apr-23,27.97,28,27.31,27.45,27.44,-1.825%
3-Apr-23,27.51,28,27.34,27.97,27.95,0.684%
31-Mar-23,27.14,27.83,27.1,27.78,27.76,1.425%
30-Mar-23,27.23,27.5,27.1,27.38,27.37,1.483%
29-Mar-23,26.83,27.08,26.6,26.98,26.97,2.198%
28-Mar-23,26.45,26.51,25.85,26.41,26.39,-0.453%
27-Mar-23,26.84,27,26.36,26.53,26.51,-0.934%
24-Mar-23,27.03,27.17,26.35,26.78,26.76,-1.509%
23-Mar-23,27.11,27.5,26.69,27.19,27.17,2.722%
22-Mar-23,26.42,27.59,26.24,26.47,26.45,1.031%
21-Mar-23,26.18,26.39,25.38,26.2,26.18,1.159%
20-Mar-23,25.61,26.02,25.13,25.9,25.88,0.661%
17-Mar-23,25.98,26.4,25.67,25.73,25.71,0.745%
16-Mar-23,24.03,25.59,23.89,25.54,25.52,5.411%
15-Mar-23,23.76,24.29,23.36,24.23,24.21,0.665%
14-Mar-23,23.5,24.22,23.46,24.06,24.05,4.793%
13-Mar-23,22.75,23.3,22.3,22.97,22.95,0.000%
10-Mar-23,23.41,23.63,22.73,22.97,22.95,-2.007%
9-Mar-23,24.17,24.45,23.38,23.44,23.42,-3.103%
8-Mar-23,23.49,24.2,23.42,24.18,24.17,3.868%
7-Mar-23,23.6,24.13,23.24,23.29,23.27,-1.105%
6-Mar-23,23.89,24.25,23.49,23.55,23.53,-1.424%
3-Mar-23,23.32,23.9,23.13,23.89,23.87,2.490%
2-Mar-23,22.49,23.38,22.43,23.31,23.29,2.690%
1-Mar-23,23.19,23.26,22.51,22.7,22.68,-2.241%
28-Feb-23,23.37,23.83,23.21,23.22,23.2,-1.193%
27-Feb-23,23.67,23.88,23.45,23.5,23.48,0.902%
24-Feb-23,23.23,23.47,22.95,23.29,23.27,-1.565%
23-Feb-23,23.44,23.89,23.02,23.66,23.64,13.983%
22-Feb-23,20.71,21.1,20.42,20.75,20.74,0.484%
21-Feb-23,21,21.49,20.62,20.66,20.64,-3.416%
17-Feb-23,21.63,21.74,20.98,21.39,21.37,-2.775%
16-Feb-23,22.13,22.55,21.93,22,21.98,-3.385%
15-Feb-23,22.55,22.85,22.11,22.76,22.75,-0.871%
14-Feb-23,21.58,23.05,21.37,22.97,22.95,5.420%
13-Feb-23,21.54,22.05,20.96,21.79,21.77,2.447%
10-Feb-23,21.69,22.08,20.81,21.26,21.25,-4.794%
9-Feb-23,22.61,23.02,22.12,22.34,22.32,0.586%
8-Feb-23,22.39,22.88,22.01,22.2,22.19,0.181%
7-Feb-23,21.38,22.26,21.15,22.17,22.15,5.126%
6-Feb-23,20.81,21.57,20.79,21.09,21.07,-0.047%
3-Feb-23,21,21.75,20.79,21.1,21.08,-2.812%
2-Feb-23,21,21.95,20.7,21.71,21.69,3.631%
1-Feb-23,19.69,21.19,19.61,20.94,20.93,7.223%
31-Jan-23,19.17,19.69,18.95,19.54,19.52,1.932%
30-Jan-23,19.95,20.14,19.15,19.16,19.15,-5.897%
27-Jan-23,19.46,20.63,19.41,20.36,20.35,2.830%
26-Jan-23,19.7,20.17,19.28,19.8,19.79,2.486%
25-Jan-23,18.91,19.37,18.58,19.32,19.31,0.312%
24-Jan-23,18.83,19.5,18.82,19.26,19.25,0.365%
23-Jan-23,18.06,19.25,17.82,19.19,19.18,7.632%
20-Jan-23,17.01,17.86,16.83,17.84,17.82,6.388%
19-Jan-23,17.04,17.2,16.73,16.76,16.75,-3.514%
18-Jan-23,17.67,17.87,17.28,17.38,17.36,-1.865%
17-Jan-23,16.9,17.73,16.9,17.7,17.69,4.737%
13-Jan-23,16.28,16.92,16.17,16.9,16.89,2.364%
12-Jan-23,16.1,16.64,15.49,16.51,16.5,3.189%
11-Jan-23,15.84,16.03,15.56,16,15.99,0.566%
10-Jan-23,15.51,15.96,15.47,15.91,15.9,1.793%
9-Jan-23,15.28,16.06,15.14,15.63,15.62,5.185%
6-Jan-23,14.47,15.01,14.03,14.86,14.85,4.211%
5-Jan-23,14.49,14.56,14.15,14.27,14.25,-3.324%
4-Jan-23,14.57,14.85,14.24,14.75,14.74,3.077%
3-Jan-23,14.85,15,14.1,14.31,14.3,-2.055%
30-Dec-22,14.33,14.63,14.23,14.61,14.6,0.069%
29-Dec-22,14.4,14.68,14.23,14.6,14.59,4.066%
28-Dec-22,13.93,14.26,13.88,14.04,14.02,-0.638%
27-Dec-22,15.07,15.1,14.06,14.12,14.11,-7.110%
23-Dec-22,15.2,15.34,14.88,15.21,15.19,-0.913%
22-Dec-22,16.09,16.14,14.88,15.34,15.33,-7.035%
21-Dec-22,16.11,16.63,16.1,16.5,16.49,2.614%
20-Dec-22,16.06,16.31,15.85,16.08,16.07,-1.047%
19-Dec-22,16.57,16.61,16.15,16.25,16.24,-1.932%
16-Dec-22,16.86,17.04,16.41,16.57,16.56,-2.243%
15-Dec-22,17.15,17.32,16.7,16.95,16.94,-4.077%
14-Dec-22,17.99,18.25,17.42,17.67,17.66,-2.215%
13-Dec-22,18.53,18.79,17.71,18.07,18.06,3.082%
12-Dec-22,17.04,17.54,16.8,17.53,17.52,3.119%
9-Dec-22,17.16,17.58,16.98,17,16.99,-0.933%
8-Dec-22,16.27,17.18,15.96,17.17,17.15,6.456%
7-Dec-22,15.77,16.19,15.67,16.12,16.11,0.877%
6-Dec-22,16.53,16.57,15.82,15.99,15.97,-3.795%
5-Dec-22,16.68,17,16.47,16.61,16.6,-1.542%
2-Dec-22,16.66,16.93,16.44,16.88,16.86,-1.519%
1-Dec-22,17,17.26,16.64,17.14,17.12,1.242%
30-Nov-22,15.7,16.93,15.6,16.92,16.91,8.259%
29-Nov-22,15.83,15.93,15.52,15.64,15.62,-1.202%
28-Nov-22,16.03,16.36,15.73,15.83,15.81,-2.708%
25-Nov-22,16.32,16.49,16.17,16.27,16.25,-1.515%
23-Nov-22,16.1,16.53,16.05,16.52,16.5,2.996%
22-Nov-22,15.33,16.06,15.12,16.04,16.02,4.706%
21-Nov-22,15.15,15.48,15.08,15.32,15.3,-0.585%
18-Nov-22,15.97,16,15.12,15.41,15.39,-1.724%
17-Nov-22,15.72,16.27,15.53,15.68,15.66,-1.447%
16-Nov-22,16.16,16.36,15.87,15.91,15.89,-4.565%
15-Nov-22,16.72,17,16.38,16.67,16.65,2.273%
14-Nov-22,16.22,16.54,15.92,16.3,16.28,-0.184%
11-Nov-22,15.81,16.39,15.48,16.33,16.31,3.687%
10-Nov-22,14.8,15.77,14.55,15.75,15.73,14.317%
9-Nov-22,14.16,14.21,13.76,13.78,13.76,-5.689%
8-Nov-22,14.8,14.89,14.22,14.6,14.59,2.099%
7-Nov-22,14.23,14.41,13.95,14.3,14.29,1.061%
4-Nov-22,13.99,14.23,13.7,14.16,14.14,5.444%
3-Nov-22,13.04,13.78,12.96,13.42,13.41,1.591%
2-Nov-22,13.85,14.21,13.21,13.22,13.2,-2.439%
1-Nov-22,13.81,13.93,13.52,13.54,13.53,0.371%
31-Oct-22,13.78,13.84,13.3,13.5,13.48,-2.460%
28-Oct-22,13.1,13.85,13.06,13.83,13.82,5.015%
27-Oct-22,13.63,13.84,13.12,13.18,13.16,2.174%
26-Oct-22,12.87,13.39,12.71,12.9,12.88,-2.792%
25-Oct-22,12.69,13.3,12.66,13.26,13.25,5.242%
24-Oct-22,12.51,12.71,12.06,12.6,12.59,1.124%
21-Oct-22,12.1,12.5,11.89,12.47,12.45,2.217%
20-Oct-22,12.11,12.77,12.1,12.19,12.18,1.163%
19-Oct-22,11.88,12.35,11.83,12.05,12.04,0.753%
18-Oct-22,12.34,12.49,11.62,11.97,11.95,0.589%
17-Oct-22,11.52,11.95,11.52,11.89,11.88,5.977%
14-Oct-22,12.06,12.11,11.2,11.23,11.21,-6.192%
13-Oct-22,10.97,12.08,10.81,11.96,11.95,4.003%
12-Oct-22,11.58,11.73,11.35,11.5,11.49,-0.691%
11-Oct-22,11.56,11.85,11.28,11.59,11.57,-0.772%
10-Oct-22,12.04,12.12,11.41,11.67,11.66,-3.317%
7-Oct-22,12.51,12.67,12.02,12.08,12.06,-8.079%
6-Oct-22,13.22,13.66,13.1,13.13,13.12,-0.531%
5-Oct-22,12.91,13.32,12.62,13.21,13.19,0.304%
4-Oct-22,12.88,13.22,12.88,13.17,13.15,5.200%
3-Oct-22,12.35,12.68,12.1,12.51,12.5,3.050%
30-Sep-22,12.09,12.63,12.07,12.14,12.13,-0.655%
29-Sep-22,12.45,12.5,11.95,12.22,12.21,-4.009%
28-Sep-22,12.41,12.82,12.35,12.74,12.72,2.581%
27-Sep-22,12.51,12.74,12.26,12.41,12.4,1.556%
26-Sep-22,12.49,12.66,12.21,12.23,12.21,-2.320%
23-Sep-22,12.42,12.61,12.26,12.52,12.5,-0.398%
22-Sep-22,13.07,13.15,12.43,12.56,12.55,-5.283%
21-Sep-22,13.21,14.03,13.11,13.26,13.25,0.684%
20-Sep-22,13.22,13.48,13.06,13.18,13.16,-1.571%
19-Sep-22,13.01,13.46,13.01,13.38,13.37,1.442%
16-Sep-22,12.74,13.21,12.62,13.2,13.18,2.012%
15-Sep-22,13.02,13.23,12.79,12.93,12.92,-1.449%
14-Sep-22,13.25,13.29,12.91,13.13,13.11,-0.076%
13-Sep-22,13.8,13.92,13.1,13.13,13.12,-9.455%
12-Sep-22,14.37,14.55,14.2,14.51,14.49,0.835%
9-Sep-22,14.16,14.47,14.13,14.39,14.37,2.863%
8-Sep-22,13.46,14.01,13.37,13.99,13.97,1.971%
7-Sep-22,13.56,13.84,13.35,13.71,13.7,1.859%
6-Sep-22,13.73,13.78,13.35,13.47,13.45,-1.321%
2-Sep-22,14.1,14.17,13.59,13.65,13.63,-2.083%
1-Sep-22,14.21,14.38,13.27,13.94,13.92,-7.631%
31-Aug-22,15.38,15.54,14.96,15.09,15.07,-2.460%
30-Aug-22,15.96,16.04,15.18,15.47,15.45,-2.091%
29-Aug-22,16.02,16.34,15.77,15.8,15.78,-2.833%
26-Aug-22,17.86,17.92,16.24,16.26,16.24,-9.223%
25-Aug-22,16.84,17.95,16.83,17.91,17.89,4.012%
24-Aug-22,17.01,17.41,16.9,17.22,17.2,0.233%
23-Aug-22,16.99,17.47,16.97,17.18,17.16,0.882%
22-Aug-22,17.49,17.56,16.97,17.03,17.01,-4.545%
19-Aug-22,18.41,18.52,17.77,17.85,17.82,-4.960%
18-Aug-22,18.3,18.86,18.18,18.77,18.75,2.403%
17-Aug-22,18.52,18.69,18.15,18.33,18.31,-2.865%
16-Aug-22,18.92,19.14,18.5,18.88,18.85,-0.842%
15-Aug-22,18.7,19.16,18.61,19.03,19.01,1.767%
12-Aug-22,18.16,18.72,17.95,18.71,18.68,4.241%
11-Aug-22,18.13,18.71,17.88,17.94,17.92,-0.830%
10-Aug-22,17.7,18.12,17.32,18.1,18.07,5.920%
9-Aug-22,17.25,17.45,16.72,17.09,17.06,-3.995%
8-Aug-22,17.5,18.24,17.24,17.79,17.77,-6.276%
5-Aug-22,18.81,19.23,18.67,18.99,18.96,-1.199%
4-Aug-22,18.85,19.27,18.76,19.22,19.19,1.696%
3-Aug-22,18.18,18.97,18.14,18.89,18.87,2.000%
2-Aug-22,18.12,18.94,18.09,18.53,18.5,0.434%
1-Aug-22,18.18,18.85,17.99,18.44,18.42,1.544%
29-Jul-22,17.81,18.24,17.69,18.16,18.14,1.002%
28-Jul-22,17.98,18.14,17.44,17.98,17.96,1.069%
27-Jul-22,17.03,17.94,16.91,17.79,17.77,7.632%
26-Jul-22,16.89,16.92,16.48,16.53,16.51,-2.882%
25-Jul-22,17.02,17.12,16.65,17.02,17,-1.734%
22-Jul-22,17.89,17.97,17.14,17.32,17.3,-4.049%
21-Jul-22,17.89,18.14,17.55,18.05,18.03,1.406%
20-Jul-22,16.95,17.93,16.8,17.81,17.78,4.773%
19-Jul-22,16.49,17.11,16.17,16.99,16.97,5.535%
18-Jul-22,16.3,16.9,16,16.1,16.08,2.160%
15-Jul-22,15.66,15.78,15.44,15.76,15.74,2.541%
14-Jul-22,15.11,15.47,14.73,15.37,15.35,1.387%
13-Jul-22,14.59,15.38,14.47,15.16,15.14,0.531%
12-Jul-22,15.27,15.43,14.88,15.08,15.06,-0.463%
11-Jul-22,15.53,15.53,15.04,15.15,15.13,-4.362%
8-Jul-22,15.43,16.04,15.39,15.84,15.82,-0.126%
7-Jul-22,15.46,15.94,15.39,15.86,15.84,4.831%
6-Jul-22,15.01,15.32,14.79,15.13,15.11,1.138%
5-Jul-22,14.18,14.97,14.06,14.96,14.94,3.034%
1-Jul-22,14.9,15.06,14.39,14.52,14.5,-4.227%
30-Jun-22,15.36,15.57,14.86,15.16,15.14,-2.448%
29-Jun-22,15.81,15.82,15.17,15.54,15.52,-2.757%
28-Jun-22,16.9,17.2,15.94,15.98,15.96,-5.282%
27-Jun-22,17.31,17.33,16.63,16.87,16.85,-1.462%
24-Jun-22,16.5,17.14,16.31,17.13,17.1,5.556%
23-Jun-22,16.52,16.58,15.85,16.23,16.2,-0.857%
22-Jun-22,16.23,16.66,16.18,16.36,16.34,-1.209%
21-Jun-22,16.48,17.01,16.41,16.57,16.54,4.288%
17-Jun-22,15.65,15.99,15.33,15.88,15.86,1.797%
16-Jun-22,15.86,15.94,15.4,15.6,15.58,-5.576%
15-Jun-22,16.09,16.87,15.93,16.53,16.5,4.364%
14-Jun-22,15.73,16.07,15.41,15.84,15.81,1.152%
13-Jun-22,16,16.31,15.61,15.65,15.63,-7.788%
10-Jun-22,17.6,17.7,16.87,16.97,16.95,-5.938%
9-Jun-22,18.48,18.93,18.04,18.05,18.02,-3.222%
8-Jun-22,18.8,19.18,18.53,18.65,18.62,-1.481%
7-Jun-22,18.47,19,18.19,18.93,18.9,0.746%
6-Jun-22,19.14,19.34,18.56,18.79,18.76,0.375%
3-Jun-22,19.08,19.33,18.52,18.72,18.69,-4.448%
2-Jun-22,18.29,19.62,18.2,19.59,19.56,6.944%
1-Jun-22,18.72,19.05,18.12,18.32,18.29,-1.878%
31-May-22,18.98,19.2,18.35,18.67,18.64,-0.745%
27-May-22,18.19,18.88,18.1,18.81,18.78,5.387%
26-May-22,16.04,18.09,16.02,17.85,17.82,5.133%
25-May-22,16.02,17.11,16,16.98,16.95,5.084%
24-May-22,16.51,16.6,15.78,16.15,16.13,-4.386%
23-May-22,16.27,16.92,16.18,16.9,16.87,1.200%
20-May-22,17.33,17.41,15.76,16.69,16.67,-2.515%
19-May-22,16.94,17.69,16.73,17.12,17.1,1.124%
18-May-22,17.7,18.12,16.86,16.94,16.91,-6.832%
17-May-22,18.07,18.37,17.63,18.18,18.15,5.278%
16-May-22,17.51,17.79,17.11,17.26,17.24,-2.489%
13-May-22,16.79,17.93,16.59,17.71,17.68,9.474%
12-May-22,16.22,16.79,15.57,16.17,16.15,-2.711%
11-May-22,17.35,17.75,16.57,16.63,16.6,-5.521%
10-May-22,17.69,18.2,17.02,17.59,17.57,3.842%
9-May-22,18.03,18.25,16.83,16.95,16.92,-9.276%
6-May-22,18.74,19.51,17.99,18.67,18.65,-0.851%
5-May-22,19.87,19.92,18.5,18.84,18.81,-7.340%
4-May-22,19.92,20.4,18.75,20.33,20.3,3.730%
3-May-22,19.4,19.83,19.13,19.6,19.57,0.359%
2-May-22,18.54,19.57,18.39,19.53,19.5,5.292%
29-Apr-22,19.4,20.13,18.52,18.55,18.52,-6.228%
28-Apr-22,18.97,20.04,18.49,19.78,19.75,7.395%
27-Apr-22,18.6,19.17,18.29,18.42,18.39,-1.972%
26-Apr-22,19.72,19.79,18.67,18.79,18.76,-5.586%
25-Apr-22,19.2,19.94,19.1,19.9,19.87,2.002%
22-Apr-22,20.3,20.49,19.5,19.51,19.48,-3.325%
21-Apr-22,21.71,22.39,20,20.18,20.15,-6.061%
20-Apr-22,22.52,22.67,21.2,21.48,21.45,-3.204%
19-Apr-22,21.72,22.37,21.31,22.2,22.16,1.885%
18-Apr-22,21.2,22.09,21.08,21.78,21.75,2.498%
14-Apr-22,22.5,22.78,21.16,21.26,21.22,-4.285%
13-Apr-22,21.73,22.5,21.45,22.2,22.17,3.260%
12-Apr-22,22.54,22.73,21.28,21.5,21.47,-1.874%
11-Apr-22,22.21,22.32,21.66,21.92,21.88,-5.199%
8-Apr-22,23.92,23.92,23.06,23.12,23.08,-4.510%
7-Apr-22,24.44,24.72,23.48,24.21,24.17,-0.821%
6-Apr-22,24.93,25.3,24,24.41,24.37,-5.871%
5-Apr-22,27.25,27.32,25.82,25.93,25.89,-5.234%
4-Apr-22,26.73,27.56,26.61,27.36,27.32,2.437%
1-Apr-22,27.38,27.5,26.27,26.71,26.67,-2.093%
31-Mar-22,27.78,28.25,27.27,27.29,27.24,-1.483%
30-Mar-22,28.3,28.5,27.5,27.69,27.65,-3.355%
29-Mar-22,28.69,28.95,27.98,28.66,28.61,1.562%
28-Mar-22,27.76,28.25,27.21,28.22,28.17,1.881%
25-Mar-22,27.89,28.36,27.27,27.69,27.65,-1.636%
24-Mar-22,26.17,28.32,25.91,28.15,28.11,9.848%
23-Mar-22,26.13,26.61,25.58,25.63,25.59,-3.361%
22-Mar-22,26.73,27.24,26.07,26.52,26.48,-0.787%
21-Mar-22,26.51,27.15,25.97,26.73,26.69,1.060%
18-Mar-22,24.8,26.57,24.62,26.45,26.41,6.793%
17-Mar-22,24.12,24.84,23.91,24.77,24.73,1.104%
16-Mar-22,23.5,24.6,23.17,24.5,24.46,6.626%
15-Mar-22,21.52,23.04,21.32,22.97,22.94,7.700%
14-Mar-22,21.87,22.26,21.16,21.33,21.3,-3.489%
11-Mar-22,23.02,23.15,22.05,22.1,22.07,-2.431%
10-Mar-22,22.53,22.79,21.88,22.66,22.62,-1.567%
9-Mar-22,22.39,23.22,22.25,23.01,22.98,6.983%
8-Mar-22,21.31,22.37,20.65,21.51,21.48,0.750%
7-Mar-22,22.82,23.03,21.33,21.35,21.32,-6.900%
4-Mar-22,23.38,23.68,22.48,22.94,22.9,-3.294%
3-Mar-22,24.26,24.33,23.47,23.71,23.68,-2.068%
2-Mar-22,23.76,24.41,23.42,24.22,24.18,3.157%
1-Mar-22,24.29,24.38,23.13,23.48,23.44,-3.698%
28-Feb-22,23.99,24.67,23.71,24.39,24.34,0.954%
25-Feb-22,23.72,24.22,23.38,24.16,24.11,1.687%
24-Feb-22,21.01,23.8,20.89,23.75,23.71,6.085%
23-Feb-22,23.8,24.16,22.3,22.39,22.35,-4.283%
22-Feb-22,23.03,24.06,23,23.39,23.35,-1.059%
18-Feb-22,24.67,24.99,23.1,23.64,23.6,-3.516%
17-Feb-22,25.63,25.78,24.17,24.51,24.46,-7.559%
16-Feb-22,26.26,26.58,25.55,26.51,26.46,0.038%
15-Feb-22,24.95,26.55,24.78,26.5,26.45,9.207%
14-Feb-22,23.93,24.88,23.75,24.27,24.22,1.297%
11-Feb-22,25.92,26.15,23.77,23.95,23.91,-7.254%
10-Feb-22,26,26.92,25.6,25.82,25.78,-3.301%
9-Feb-22,25.62,26.73,25.35,26.7,26.66,6.385%
8-Feb-22,24.36,25.23,23.98,25.11,25.06,1.540%
7-Feb-22,24.37,25.18,24.2,24.73,24.68,1.647%
4-Feb-22,23.97,24.64,23.63,24.32,24.28,1.547%
3-Feb-22,24.46,25.08,23.78,23.95,23.91,-5.119%
2-Feb-22,25.79,25.82,24.55,25.24,25.2,2.481%
1-Feb-22,25.1,25.15,23.89,24.64,24.59,0.614%
31-Jan-22,23.18,24.51,23.05,24.49,24.44,7.193%
28-Jan-22,22.01,22.86,21.3,22.84,22.8,4.062%
27-Jan-22,23.57,24,21.67,21.94,21.91,-3.608%
26-Jan-22,23.24,24.06,22.3,22.77,22.73,2.020%
25-Jan-22,22.55,22.94,22,22.32,22.28,-4.501%
24-Jan-22,22.33,23.38,20.89,23.37,23.33,0.000%
21-Jan-22,23.51,24.82,23.26,23.37,23.33,-3.235%
20-Jan-22,25.3,25.58,24.08,24.15,24.11,-3.637%
19-Jan-22,26.08,26.54,25.05,25.07,25.02,-3.248%
18-Jan-22,26.26,26.64,25.77,25.9,25.86,-3.830%
14-Jan-22,26.3,27.2,26.21,26.94,26.89,1.357%
13-Jan-22,28.38,28.48,26.5,26.58,26.53,-5.081%
12-Jan-22,28.07,28.59,27.61,28,27.95,0.648%
11-Jan-22,27.32,28.07,26.84,27.82,27.77,1.536%
10-Jan-22,26.58,27.47,25.64,27.4,27.35,0.551%
7-Jan-22,28.14,28.42,27.06,27.25,27.2,-3.306%
6-Jan-22,27.64,28.44,27.07,28.18,28.13,2.068%
5-Jan-22,28.95,29.42,27.53,27.6,27.56,-5.746%
4-Jan-22,30.28,30.47,28.35,29.29,29.24,-2.760%
3-Jan-22,29.82,30.71,29.78,30.12,30.07,2.418%
31-Dec-21,29.67,30.03,29.33,29.41,29.36,-0.576%
30-Dec-21,29.83,30.46,29.54,29.59,29.53,-1.402%
29-Dec-21,30.27,30.55,29.37,30,29.95,-1.057%
28-Dec-21,31.31,31.33,30.01,30.32,30.27,-2.007%
27-Dec-21,29.66,31.09,29.64,30.94,30.89,4.393%
23-Dec-21,29.75,30.06,29.43,29.64,29.59,0.818%
22-Dec-21,28.89,29.56,28.45,29.4,29.35,1.137%
21-Dec-21,28.37,29.12,27.4,29.08,29.02,4.879%
20-Dec-21,27.31,28.14,27.15,27.72,27.67,-0.288%
17-Dec-21,27.99,28.92,27.76,27.8,27.75,-2.082%
16-Dec-21,31.15,31.16,28.09,28.39,28.34,-6.807%
15-Dec-21,28.4,30.5,27.84,30.46,30.41,7.494%
14-Dec-21,27.7,28.68,27.25,28.34,28.29,0.640%
13-Dec-21,30.25,30.29,28.12,28.16,28.11,-6.766%
10-Dec-21,31.15,31.31,29.86,30.2,30.15,-0.953%
9-Dec-21,31.73,32.21,30.43,30.49,30.44,-4.186%
8-Dec-21,32,32.29,31.42,31.83,31.77,-1.854%
7-Dec-21,30.96,32.45,30.65,32.43,32.37,7.972%
6-Dec-21,29.88,30.24,28.04,30.04,29.98,-2.154%
3-Dec-21,32,32.13,30.13,30.69,30.64,-4.459%
2-Dec-21,31.21,32.48,31.02,32.13,32.07,2.199%
1-Dec-21,33.22,33.29,31.38,31.43,31.38,-3.772%
30-Nov-21,33.17,33.35,31.86,32.68,32.61,-2.101%
29-Nov-21,32.37,33.41,32.04,33.38,33.31,5.948%
26-Nov-21,32.6,32.71,31.35,31.5,31.44,-3.588%
24-Nov-21,31.46,32.85,30.93,32.67,32.61,2.903%
23-Nov-21,31.53,32.36,30.88,31.75,31.69,-0.658%
22-Nov-21,33.52,34.65,31.9,31.96,31.9,-3.098%
19-Nov-21,32.24,33.09,31.91,32.99,32.92,4.111%
18-Nov-21,32.37,32.76,31.32,31.67,31.62,8.251%
17-Nov-21,30.42,30.51,28.8,29.26,29.21,-3.118%
16-Nov-21,29.76,30.39,29.71,30.2,30.15,0.601%
15-Nov-21,30.55,30.64,29.25,30.02,29.97,-1.187%
12-Nov-21,30.01,30.68,29.63,30.39,30.33,0.000%
11-Nov-21,30.47,30.59,29.78,30.39,30.33,3.163%
10-Nov-21,29.36,30.85,28.78,29.46,29.4,-3.922%
9-Nov-21,32.28,32.31,29.96,30.66,30.6,-0.488%
8-Nov-21,30.15,31.1,29.91,30.8,30.75,3.535%
5-Nov-21,30.19,31.4,29.41,29.75,29.7,-0.168%
4-Nov-21,27.23,31.36,27.12,29.8,29.75,12.053%
3-Nov-21,26.67,26.78,26.24,26.6,26.55,0.759%
2-Nov-21,25.82,26.68,25.8,26.4,26.35,2.211%
1-Nov-21,25.65,25.89,25.23,25.83,25.78,1.019%
29-Oct-21,25,25.71,25,25.57,25.52,2.531%
28-Oct-21,24.88,24.95,24.52,24.94,24.89,1.966%
27-Oct-21,24.47,25.09,24.28,24.45,24.41,-1.054%
26-Oct-21,23.99,25.26,23.92,24.72,24.67,6.704%
25-Oct-21,22.97,23.35,22.77,23.17,23.12,1.940%
22-Oct-21,22.82,23.13,22.56,22.73,22.68,0.132%
21-Oct-21,22.1,22.71,22.08,22.69,22.65,2.675%
20-Oct-21,22.31,22.43,21.98,22.1,22.06,-0.854%
19-Oct-21,22.28,22.38,22.04,22.29,22.25,0.316%
18-Oct-21,21.75,22.29,21.64,22.22,22.18,1.650%
15-Oct-21,21.81,21.93,21.66,21.86,21.82,0.507%
14-Oct-21,21.29,21.75,21.12,21.75,21.71,3.876%
13-Oct-21,20.92,20.99,20.71,20.94,20.9,1.309%
12-Oct-21,20.83,21.06,20.53,20.67,20.63,-0.145%
11-Oct-21,20.58,21.06,20.51,20.69,20.66,-0.625%
8-Oct-21,21.1,21.21,20.77,20.83,20.79,-1.188%
7-Oct-21,21.09,21.32,20.97,21.08,21.04,1.839%
6-Oct-21,20.12,20.72,20.08,20.7,20.66,1.225%
5-Oct-21,19.95,20.65,19.85,20.45,20.41,3.604%
4-Oct-21,20.5,20.54,19.56,19.73,19.7,-4.831%
1-Oct-21,20.75,20.86,20.2,20.74,20.7,0.097%
30-Sep-21,20.77,21.07,20.69,20.72,20.68,0.977%
29-Sep-21,20.94,21.02,20.47,20.52,20.48,-0.871%
28-Sep-21,21.21,21.42,20.65,20.7,20.66,-4.440%
27-Sep-21,21.71,21.8,21.33,21.66,21.62,-1.906%
24-Sep-21,22.07,22.15,21.86,22.08,22.04,-1.783%
23-Sep-21,22.14,22.53,21.89,22.48,22.44,2.466%
22-Sep-21,21.37,21.96,21.2,21.94,21.9,3.253%
21-Sep-21,21.42,21.42,20.95,21.25,21.21,0.664%
20-Sep-21,21.15,21.43,20.66,21.11,21.07,-3.614%
17-Sep-21,22.3,22.32,21.83,21.9,21.86,-1.532%
16-Sep-21,22.18,22.28,21.93,22.24,22.2,-0.448%
15-Sep-21,22.31,22.37,21.97,22.34,22.3,0.450%
14-Sep-21,22.27,22.41,22.09,22.24,22.2,0.407%
13-Sep-21,22.68,22.96,21.86,22.15,22.11,-1.471%
10-Sep-21,22.35,22.63,22.27,22.48,22.44,1.355%
9-Sep-21,22.31,22.54,22.13,22.18,22.14,-0.717%
8-Sep-21,22.51,22.61,21.98,22.34,22.3,-1.415%
7-Sep-21,22.83,22.9,22.52,22.66,22.62,-0.789%
3-Sep-21,22.33,22.99,22.2,22.84,22.8,2.013%
2-Sep-21,22.52,22.59,22.3,22.4,22.35,-0.223%
1-Sep-21,22.49,22.7,22.36,22.44,22.4,0.269%
31-Aug-21,22.69,22.69,22.12,22.39,22.34,-1.325%
30-Aug-21,22.83,23.04,22.55,22.69,22.64,0.221%
27-Aug-21,22.18,22.72,22.17,22.64,22.59,2.589%
26-Aug-21,22.2,22.34,21.79,22.07,22.02,-0.677%
25-Aug-21,21.74,22.47,21.72,22.21,22.17,1.931%
24-Aug-21,21.75,21.96,21.53,21.79,21.75,-0.730%
23-Aug-21,20.97,22,20.95,21.96,21.91,5.489%
20-Aug-21,19.99,20.86,19.93,20.82,20.77,5.111%
19-Aug-21,19.49,20.5,18.76,19.8,19.76,4.000%
18-Aug-21,19.5,19.63,19,19.04,19,-2.163%
17-Aug-21,19.68,19.77,19.27,19.46,19.42,-2.461%
16-Aug-21,20.14,20.29,19.45,19.95,19.91,-1.191%
13-Aug-21,19.91,20.21,19.85,20.19,20.15,1.460%
12-Aug-21,19.87,20.03,19.62,19.91,19.86,1.017%
11-Aug-21,20.04,20.05,19.43,19.7,19.66,-1.206%
10-Aug-21,20.32,20.43,19.83,19.94,19.9,-1.728%
9-Aug-21,20.45,20.51,20.14,20.3,20.25,-0.344%
6-Aug-21,20.52,20.57,20.21,20.37,20.32,-1.311%
5-Aug-21,20.5,20.73,20.34,20.64,20.59,1.780%
4-Aug-21,19.99,20.32,19.83,20.27,20.23,2.327%
3-Aug-21,19.74,20.22,19.22,19.82,19.77,0.304%
2-Aug-21,19.7,19.96,19.36,19.75,19.71,1.285%
30-Jul-21,19.42,19.63,19.26,19.5,19.46,-0.815%
29-Jul-21,19.52,19.85,19.33,19.66,19.62,0.822%
28-Jul-21,19.32,19.65,19,19.5,19.46,1.513%
27-Jul-21,19.26,19.62,18.74,19.21,19.17,-0.416%
26-Jul-21,19.31,19.44,18.91,19.29,19.25,-1.383%
23-Jul-21,19.66,19.7,19.25,19.56,19.52,-0.153%
22-Jul-21,19.64,19.89,19.28,19.59,19.55,0.929%
21-Jul-21,18.88,19.53,18.74,19.41,19.37,4.308%
20-Jul-21,18.73,18.84,18.16,18.61,18.57,-0.907%
19-Jul-21,17.92,19.04,17.87,18.78,18.74,3.422%
16-Jul-21,19.03,19.16,18.07,18.16,18.12,-4.279%
15-Jul-21,19.81,19.85,18.86,18.97,18.93,-4.394%
14-Jul-21,20.36,20.42,19.75,19.84,19.8,-2.029%
13-Jul-21,20.4,20.46,20.11,20.25,20.21,-1.270%
12-Jul-21,20.24,20.53,20.19,20.51,20.47,2.299%
9-Jul-21,19.96,20.08,19.75,20.05,20.01,0.755%
8-Jul-21,19.86,20.13,19.7,19.9,19.86,-2.312%
7-Jul-21,20.85,20.88,20.33,20.37,20.33,-1.597%
6-Jul-21,20.74,20.84,20.35,20.7,20.66,1.076%
2-Jul-21,20.44,20.51,20.29,20.49,20.44,1.339%
1-Jul-21,20.13,20.46,20.02,20.21,20.17,1.052%
30-Jun-21,20,20.16,19.86,20,19.96,-0.150%
29-Jun-21,19.88,20.1,19.66,20.03,19.99,0.251%
28-Jun-21,19.36,20.08,19.32,19.99,19.94,5.003%
25-Jun-21,19.28,19.35,18.89,19.03,18.99,-0.939%
24-Jun-21,19.23,19.42,19.09,19.21,19.17,0.789%
23-Jun-21,19.01,19.15,18.91,19.06,19.02,0.902%
22-Jun-21,18.47,18.96,18.39,18.89,18.85,2.501%
21-Jun-21,18.44,18.54,17.82,18.43,18.39,-1.129%
18-Jun-21,18.78,19.38,18.58,18.64,18.6,-0.107%
17-Jun-21,17.77,18.83,17.76,18.66,18.62,4.783%
16-Jun-21,17.79,17.95,17.58,17.81,17.77,0.113%
15-Jun-21,17.92,18.02,17.73,17.79,17.75,-1.279%
14-Jun-21,17.91,18.04,17.66,18.02,17.98,1.068%
11-Jun-21,17.48,17.94,17.44,17.83,17.79,2.300%
10-Jun-21,17.35,17.49,17.18,17.42,17.39,0.404%
9-Jun-21,17.52,17.58,17.26,17.36,17.32,-0.574%
8-Jun-21,17.53,17.62,17.25,17.46,17.42,-0.910%
7-Jun-21,17.57,17.81,17.19,17.62,17.58,0.228%
4-Jun-21,17.11,17.66,17.1,17.58,17.54,3.603%
3-Jun-21,16.7,17.26,16.58,16.97,16.93,1.135%
2-Jun-21,16.25,16.92,16.24,16.78,16.74,3.142%
1-Jun-21,16.27,16.39,15.9,16.26,16.23,0.123%
28-May-21,15.5,16.28,15.5,16.24,16.21,4.919%
27-May-21,15.7,15.75,15.46,15.49,15.45,-1.341%
26-May-21,15.73,15.79,15.59,15.7,15.66,0.320%
25-May-21,15.77,15.82,15.48,15.65,15.61,0.193%
24-May-21,15.21,15.74,15.18,15.61,15.58,4.144%
21-May-21,15.16,15.22,14.87,14.99,14.96,2.606%
20-May-21,14.3,14.68,14.27,14.61,14.58,3.920%
19-May-21,13.57,14.08,13.54,14.07,14.03,0.358%
18-May-21,14.27,14.4,14,14.02,13.98,-1.062%
17-May-21,14.16,14.17,13.85,14.17,14.13,-0.563%
14-May-21,13.89,14.33,13.75,14.24,14.21,4.255%
13-May-21,14.03,14.08,13.46,13.67,13.63,-0.728%
12-May-21,14.01,14.26,13.71,13.76,13.73,-3.784%
11-May-21,13.82,14.35,13.75,14.31,14.27,0.281%
10-May-21,14.79,14.81,14.25,14.27,14.23,-3.721%
7-May-21,14.81,14.97,14.67,14.81,14.78,2.001%
6-May-21,14.5,14.57,14.22,14.52,14.49,0.416%
5-May-21,14.71,14.81,14.39,14.46,14.43,0.768%
4-May-21,14.64,14.64,14.01,14.35,14.32,-3.243%
3-May-21,15.13,15.25,14.79,14.84,14.8,-1.202%
30-Apr-21,15.17,15.36,15,15.01,14.98,-2.027%
29-Apr-21,15.4,15.44,15.07,15.32,15.29,0.328%
28-Apr-21,15.36,15.53,15.22,15.28,15.24,-0.717%
27-Apr-21,15.58,15.67,15.35,15.38,15.35,-0.583%
26-Apr-21,15.19,15.48,15.13,15.48,15.44,1.379%
23-Apr-21,14.93,15.34,14.9,15.27,15.23,2.767%
22-Apr-21,15.38,15.44,14.78,14.85,14.82,-3.327%
21-Apr-21,15.12,15.36,15.1,15.36,15.33,1.255%
20-Apr-21,15.32,15.5,14.96,15.17,15.14,-1.239%
19-Apr-21,15.54,15.81,15.23,15.36,15.33,-3.463%
16-Apr-21,16.05,16.17,15.87,15.91,15.88,-1.366%
15-Apr-21,15.66,16.21,15.63,16.14,16.1,5.643%
14-Apr-21,15.63,15.72,15.23,15.28,15.24,-2.558%
13-Apr-21,15.23,15.7,15.13,15.68,15.64,3.098%
12-Apr-21,14.29,15.35,14.14,15.21,15.17,5.567%
9-Apr-21,14.21,14.41,14.18,14.4,14.37,0.630%
8-Apr-21,14.25,14.47,14.25,14.32,14.28,1.205%
7-Apr-21,13.88,14.24,13.71,14.14,14.11,2.025%
6-Apr-21,14,14.05,13.77,13.86,13.83,-0.931%
5-Apr-21,13.87,14.01,13.73,13.99,13.96,1.306%
1-Apr-21,13.57,13.87,13.51,13.81,13.78,3.453%
31-Mar-21,13.02,13.47,12.98,13.35,13.32,3.738%
30-Mar-21,12.84,12.98,12.7,12.87,12.84,-0.619%
29-Mar-21,12.82,13.06,12.7,12.95,12.92,0.859%
26-Mar-21,12.55,12.86,12.37,12.84,12.81,2.398%
25-Mar-21,12.5,12.71,12.27,12.54,12.51,-0.793%
24-Mar-21,13.15,13.16,12.64,12.64,12.61,-3.298%
23-Mar-21,13.25,13.34,13.02,13.07,13.04,-0.912%
22-Mar-21,12.91,13.39,12.91,13.19,13.16,2.652%
19-Mar-21,12.75,12.92,12.61,12.85,12.82,1.024%
18-Mar-21,13.14,13.18,12.72,12.72,12.69,-4.658%
17-Mar-21,13.04,13.45,12.99,13.34,13.31,0.377%
16-Mar-21,13.36,13.51,13.12,13.29,13.26,0.760%
15-Mar-21,12.86,13.21,12.77,13.19,13.16,2.572%
12-Mar-21,12.65,12.89,12.59,12.86,12.83,-1.003%
11-Mar-21,12.95,13.05,12.73,12.99,12.96,4.180%
10-Mar-21,12.84,12.98,12.46,12.47,12.44,-0.400%
9-Mar-21,12.13,12.62,12.06,12.52,12.49,8.045%
8-Mar-21,12.45,12.47,11.57,11.59,11.56,-6.999%
5-Mar-21,12.55,12.55,11.68,12.46,12.43,0.729%
4-Mar-21,12.8,12.98,12.08,12.37,12.34,-3.367%
3-Mar-21,13.43,13.45,12.8,12.8,12.77,-4.488%
2-Mar-21,13.9,13.92,13.4,13.41,13.37,-3.186%
1-Mar-21,13.88,13.93,13.55,13.84,13.81,0.950%
26-Feb-21,13.75,13.85,13.36,13.71,13.68,3.090%
25-Feb-21,14.05,14.37,13.22,13.31,13.27,-8.230%
24-Feb-21,14.12,14.51,13.76,14.5,14.46,2.553%
23-Feb-21,14.08,14.24,13.39,14.14,14.1,-1.536%
22-Feb-21,14.77,15.13,14.32,14.36,14.32,-3.828%
19-Feb-21,15.02,15.18,14.85,14.93,14.89,0.676%
18-Feb-21,14.73,14.87,14.57,14.83,14.79,-0.538%
17-Feb-21,15.17,15.22,14.78,14.91,14.87,-2.747%
16-Feb-21,15.06,15.37,14.95,15.33,15.29,2.480%
12-Feb-21,15.05,15.29,14.77,14.96,14.92,-1.907%
11-Feb-21,14.98,15.27,14.93,15.25,15.21,3.259%
10-Feb-21,14.46,14.9,14.34,14.76,14.73,3.514%
9-Feb-21,14.34,14.58,14.22,14.26,14.23,-1.181%
8-Feb-21,13.73,14.47,13.73,14.44,14.4,6.195%
5-Feb-21,13.73,13.74,13.55,13.59,13.56,-0.514%
4-Feb-21,13.53,13.67,13.34,13.66,13.63,0.963%
3-Feb-21,13.64,13.93,13.52,13.53,13.5,-0.148%
2-Feb-21,13.4,13.57,13.29,13.56,13.52,2.424%
1-Feb-21,13.05,13.27,12.9,13.24,13.2,1.852%
29-Jan-21,13.07,13.33,12.91,12.99,12.96,-0.461%
28-Jan-21,13,13.34,12.96,13.05,13.02,1.087%
27-Jan-21,13.23,13.23,12.79,12.92,12.88,-3.881%
26-Jan-21,13.58,13.64,13.39,13.44,13.4,-1.615%
25-Jan-21,13.78,13.83,13.24,13.65,13.62,-0.439%
22-Jan-21,13.74,13.84,13.63,13.71,13.68,-1.085%
21-Jan-21,13.42,14,13.25,13.87,13.83,3.751%
20-Jan-21,13.11,13.43,13.06,13.37,13.33,2.617%
19-Jan-21,13.02,13.09,12.84,13.03,12.99,1.247%
15-Jan-21,13.23,13.33,12.85,12.86,12.83,-2.582%
14-Jan-21,13.57,13.6,13.18,13.2,13.17,-2.444%
13-Jan-21,13.49,13.63,13.39,13.53,13.5,0.372%
12-Jan-21,13.75,13.75,13.35,13.48,13.45,-1.030%
11-Jan-21,13.42,13.96,13.36,13.62,13.59,2.644%
8-Jan-21,13.36,13.42,13.04,13.28,13.24,-0.526%
7-Jan-21,12.97,13.38,12.89,13.34,13.31,5.803%
6-Jan-21,13.22,13.24,12.59,12.61,12.58,-5.909%
5-Jan-21,13.1,13.44,13.09,13.4,13.37,2.217%
4-Jan-21,13.1,13.65,12.96,13.11,13.08,0.461%
31-Dec-20,13.14,13.15,12.91,13.06,13.02,-0.686%
30-Dec-20,12.99,13.21,12.9,13.15,13.11,1.549%
29-Dec-20,12.93,13.07,12.84,12.94,12.91,0.311%
28-Dec-20,13.06,13.06,12.76,12.9,12.87,-0.694%
24-Dec-20,13.04,13.13,12.94,12.99,12.96,-0.154%
23-Dec-20,13.26,13.27,13.01,13.01,12.98,-1.964%
22-Dec-20,13.32,13.34,13.05,13.28,13.24,-0.451%
21-Dec-20,13.07,13.37,12.97,13.33,13.3,0.453%
18-Dec-20,13.38,13.4,13.07,13.27,13.24,-0.526%
17-Dec-20,13.37,13.38,13.18,13.34,13.31,0.757%
16-Dec-20,13.42,13.44,13.21,13.24,13.21,-0.900%
15-Dec-20,13.44,13.46,13.19,13.36,13.33,0.452%
14-Dec-20,13.09,13.39,13.08,13.31,13.27,2.234%
11-Dec-20,12.97,13.02,12.82,13.01,12.98,0.309%
10-Dec-20,12.87,13.07,12.85,12.97,12.94,0.310%
9-Dec-20,13.3,13.41,12.87,12.93,12.9,-3.080%
8-Dec-20,13.59,13.6,13.28,13.35,13.31,-1.916%
7-Dec-20,13.6,13.73,13.5,13.61,13.57,0.370%
4-Dec-20,13.45,13.56,13.39,13.56,13.52,1.198%
3-Dec-20,13.59,13.66,13.33,13.4,13.36,-1.037%
2-Dec-20,13.35,13.67,13.23,13.54,13.5,1.124%
1-Dec-20,13.49,13.53,13.23,13.39,13.35,-0.075%
30-Nov-20,13.27,13.41,12.97,13.4,13.36,1.059%
27-Nov-20,13.38,13.41,13.17,13.26,13.22,0.152%
25-Nov-20,13.03,13.27,13.02,13.23,13.2,2.167%
24-Nov-20,13.14,13.16,12.89,12.96,12.92,-1.374%
23-Nov-20,13.17,13.38,13.02,13.14,13.1,0.383%
20-Nov-20,13.45,13.49,13.06,13.09,13.05,-2.612%
19-Nov-20,13.21,13.49,13.1,13.44,13.4,0.075%
18-Nov-20,13.47,13.61,13.19,13.43,13.39,0.075%
17-Nov-20,13.55,13.6,13.3,13.42,13.38,-0.742%
16-Nov-20,13.17,13.65,13.16,13.52,13.48,1.659%
13-Nov-20,13.63,13.67,13.06,13.3,13.26,-1.192%
12-Nov-20,13.48,13.77,13.32,13.46,13.42,0.299%
11-Nov-20,13.05,13.44,12.95,13.42,13.38,5.106%
10-Nov-20,13.61,13.61,12.63,12.77,12.73,-6.328%
9-Nov-20,14.55,14.69,13.61,13.63,13.59,-6.405%
6-Nov-20,14.11,14.59,13.9,14.56,14.52,2.833%
5-Nov-20,14.16,14.34,13.99,14.16,14.12,2.691%
4-Nov-20,13.39,13.83,13.34,13.79,13.75,5.932%
3-Nov-20,12.71,13.1,12.6,13.02,12.98,3.509%
2-Nov-20,12.66,12.84,12.4,12.58,12.54,0.320%
30-Oct-20,12.85,12.94,12.3,12.53,12.5,-3.772%
29-Oct-20,12.84,13.19,12.75,13.02,12.99,3.177%
28-Oct-20,13.2,13.26,12.61,12.63,12.59,-5.763%
27-Oct-20,13.31,13.44,13.19,13.4,13.36,1.985%
26-Oct-20,13.43,13.69,13.04,13.14,13.1,-3.321%
23-Oct-20,13.45,13.59,13.29,13.59,13.55,1.727%
22-Oct-20,13.52,13.61,13.23,13.36,13.32,-1.260%
21-Oct-20,13.63,13.79,13.48,13.52,13.49,-0.882%
20-Oct-20,13.58,13.8,13.51,13.65,13.61,1.114%
19-Oct-20,13.9,13.98,13.41,13.5,13.46,-2.251%
16-Oct-20,14.04,14.12,13.79,13.81,13.77,-1.149%
15-Oct-20,13.81,14.01,13.77,13.97,13.93,-0.854%
14-Oct-20,14.29,14.34,13.96,14.1,14.05,-1.126%
13-Oct-20,14.3,14.35,14.02,14.25,14.21,0.212%
12-Oct-20,13.99,14.35,13.91,14.23,14.18,3.353%
9-Oct-20,13.77,13.82,13.66,13.76,13.72,-0.580%
8-Oct-20,14.07,14.08,13.76,13.84,13.8,-0.862%
7-Oct-20,14,14.12,13.86,13.96,13.92,1.606%
6-Oct-20,13.83,14.14,13.66,13.74,13.7,0.735%
5-Oct-20,13.24,13.64,13.22,13.64,13.6,4.455%
2-Oct-20,13.23,13.52,13.05,13.06,13.02,-4.053%
1-Oct-20,13.76,13.76,13.46,13.61,13.57,0.593%
30-Sep-20,13.16,13.62,13.15,13.53,13.49,2.274%
29-Sep-20,12.94,13.44,12.93,13.23,13.19,1.462%
28-Sep-20,13.04,13.05,12.75,13.03,13,1.246%
25-Sep-20,12.45,12.88,12.25,12.87,12.84,4.305%
24-Sep-20,12.07,12.57,12.01,12.35,12.31,1.820%
23-Sep-20,12.58,12.73,12.08,12.12,12.09,-4.048%
22-Sep-20,12.57,12.65,12.16,12.64,12.6,0.962%
21-Sep-20,11.93,12.52,11.9,12.52,12.48,2.716%
18-Sep-20,12.59,12.63,11.99,12.19,12.15,-2.253%
17-Sep-20,12.13,12.59,12.03,12.46,12.43,-0.401%
16-Sep-20,12.96,13.09,12.51,12.51,12.48,-3.629%
15-Sep-20,13.28,13.3,12.83,12.99,12.95,0.935%
14-Sep-20,13.08,13.31,12.63,12.87,12.83,5.771%
11-Sep-20,12.49,12.65,11.9,12.16,12.13,-1.221%
10-Sep-20,12.99,13.07,12.17,12.31,12.28,-3.155%
9-Sep-20,12.4,12.81,12.23,12.72,12.68,6.734%
8-Sep-20,11.73,12.55,11.7,11.91,11.88,-5.639%
4-Sep-20,12.78,13.18,11.7,12.62,12.59,-3.005%
3-Sep-20,13.83,13.88,12.88,13.02,12.98,-9.231%
2-Sep-20,14.7,14.73,13.9,14.35,14.3,3.774%
1-Sep-20,13.48,13.99,13.44,13.82,13.78,3.376%
31-Aug-20,13.18,13.57,13.04,13.37,13.33,1.678%
28-Aug-20,12.68,13.15,12.64,13.15,13.11,4.130%
27-Aug-20,12.78,12.85,12.57,12.63,12.59,-1.100%
26-Aug-20,12.8,12.87,12.68,12.77,12.73,0.157%
25-Aug-20,12.63,12.76,12.57,12.75,12.71,0.237%
24-Aug-20,12.88,12.91,12.51,12.72,12.68,0.316%
21-Aug-20,12.2,12.81,12.2,12.68,12.64,4.463%
20-Aug-20,11.98,12.38,11.88,12.14,12.1,0.000%
19-Aug-20,12.3,12.31,12.1,12.14,12.1,-0.982%
18-Aug-20,12.45,12.5,12.09,12.26,12.22,-0.650%
17-Aug-20,11.85,12.41,11.82,12.34,12.3,6.678%
14-Aug-20,11.53,11.7,11.44,11.56,11.53,1.052%
13-Aug-20,11.55,11.72,11.36,11.44,11.41,0.088%
12-Aug-20,10.99,11.47,10.96,11.44,11.4,5.360%
11-Aug-20,11.07,11.14,10.8,10.85,10.82,-2.785%
10-Aug-20,11.33,11.41,10.86,11.16,11.13,-0.269%
7-Aug-20,11.31,11.5,11.04,11.2,11.16,-1.239%
6-Aug-20,11.35,11.36,11.18,11.34,11.3,0.444%
5-Aug-20,11.24,11.37,11.17,11.29,11.25,0.536%
4-Aug-20,11.05,11.23,10.91,11.23,11.19,2.005%
3-Aug-20,10.73,11.1,10.72,11.01,10.97,3.686%
31-Jul-20,10.56,10.77,10.43,10.61,10.58,0.000%
30-Jul-20,10.38,10.62,10.3,10.61,10.58,1.438%
29-Jul-20,10.39,10.52,10.35,10.47,10.43,2.456%
28-Jul-20,10.37,10.38,10.21,10.22,10.18,-2.021%
27-Jul-20,10.23,10.44,10.22,10.42,10.39,2.264%
24-Jul-20,9.88,10.36,9.78,10.19,10.16,0.594%
23-Jul-20,10.45,10.55,10.03,10.13,10.1,-2.978%
22-Jul-20,10.37,10.6,10.29,10.44,10.41,1.068%
21-Jul-20,10.51,10.56,10.29,10.33,10.3,-1.718%
20-Jul-20,10.27,10.53,10.16,10.51,10.48,3.048%
17-Jul-20,10.23,10.25,10.09,10.2,10.17,0.693%
16-Jul-20,10.02,10.21,9.9,10.13,10.1,-0.883%
15-Jul-20,10.41,10.43,10.06,10.23,10.19,-1.451%
14-Jul-20,10.07,10.4,9.79,10.38,10.34,3.194%
13-Jul-20,10.6,10.79,10.02,10.05,10.02,-4.115%
10-Jul-20,10.59,10.66,10.38,10.48,10.45,-0.286%
9-Jul-20,10.38,10.57,10.23,10.51,10.48,2.947%
8-Jul-20,9.99,10.23,9.97,10.22,10.18,3.455%
7-Jul-20,9.95,10.07,9.85,9.87,9.84,0.306%
6-Jul-20,9.74,9.91,9.71,9.84,9.81,2.401%
2-Jul-20,9.64,9.74,9.58,9.61,9.58,0.842%
1-Jul-20,9.52,9.58,9.41,9.53,9.5,0.317%
30-Jun-20,9.31,9.53,9.27,9.5,9.47,3.272%
29-Jun-20,9.17,9.2,8.9,9.2,9.17,0.438%
26-Jun-20,9.5,9.5,9.13,9.15,9.13,-3.488%
25-Jun-20,9.36,9.51,9.18,9.49,9.46,2.714%
24-Jun-20,9.48,9.56,9.14,9.24,9.21,-2.229%
23-Jun-20,9.55,9.64,9.41,9.45,9.42,-0.842%
22-Jun-20,9.3,9.53,9.27,9.53,9.5,2.925%
19-Jun-20,9.24,9.44,9.23,9.26,9.23,0.435%
18-Jun-20,9.23,9.28,9.11,9.22,9.19,-0.217%
17-Jun-20,9.11,9.3,9.07,9.24,9.21,1.881%
16-Jun-20,9.23,9.27,8.84,9.07,9.04,-1.094%
15-Jun-20,8.82,9.18,8.74,9.17,9.14,2.697%
12-Jun-20,9.16,9.19,8.7,8.93,8.9,1.482%
11-Jun-20,9.15,9.26,8.79,8.8,8.77,-6.103%
10-Jun-20,9.17,9.5,9.15,9.37,9.34,3.548%
9-Jun-20,8.8,9.11,8.75,9.05,9.02,2.733%
8-Jun-20,8.88,8.89,8.69,8.81,8.78,-1.237%
5-Jun-20,8.79,9,8.71,8.92,8.89,1.716%
4-Jun-20,8.73,8.94,8.68,8.77,8.74,0.000%
3-Jun-20,8.82,8.87,8.7,8.77,8.74,-0.569%
2-Jun-20,8.8,8.84,8.66,8.83,8.79,0.228%
1-Jun-20,8.83,8.84,8.69,8.81,8.77,-0.792%
29-May-20,8.55,8.88,8.48,8.88,8.84,4.492%
28-May-20,8.41,8.76,8.38,8.49,8.46,-0.353%
27-May-20,8.63,8.63,8,8.53,8.49,-2.301%
26-May-20,9.16,9.18,8.67,8.72,8.69,-3.337%
22-May-20,8.83,9.09,8.71,9.03,8.99,2.860%
21-May-20,9.05,9.05,8.74,8.78,8.74,-2.237%
20-May-20,8.99,9.04,8.89,8.97,8.94,1.938%
19-May-20,8.79,9.09,8.76,8.81,8.77,0.573%
18-May-20,8.76,8.92,8.68,8.75,8.72,3.073%
15-May-20,7.89,8.5,7.87,8.49,8.46,5.750%
14-May-20,7.84,8.04,7.69,8.03,8,3.226%
13-May-20,7.92,8.08,7.59,7.78,7.75,-0.257%
12-May-20,8.12,8.17,7.79,7.8,7.77,-3.358%
11-May-20,7.81,8.11,7.78,8.07,8.04,3.342%
8-May-20,7.69,7.82,7.66,7.81,7.78,#DIV/0!